header,link,keywords
Первый сайт: шаг за шагом,https://nethouse.ru/about/instructions/pervyj_sajt_shag_za_shagom,"С чего начать, как создавать, первый сайт, создал сайт, следующий шаг, что делать дальше, как запустить сайт"
Как зарегистрироваться в сервисе Nethouse (создать сайт)?,https://nethouse.ru/about/instructions/kak_zaregistrirovatsya,"как зарегистрироваться, создать сайт, зарегистрироваться, зарегистрировать сайт, регистрация, новый сайт"
Как создать новый сайт на аккаунте в сервисе Nethouse?,https://nethouse.ru/about/instructions/kak_dobavit_novyj_sait_k_akkaynty_nethouse,"аккаунт, создать сайт в аккаунте, новый сайт в аккаунте"
Сколько сайтов можно зарегистрировать в Nethouse?,https://nethouse.ru/about/instructions/skolko_sajtov,"сколько сайтов, количество сайтов, ограничение количества, максимум сайтов"
Как быстро переключаться между управлением несколькими сайтами?,https://nethouse.ru/about/instructions/kak_bystro_pereklyuchatsya_mezhdu_upravleniem_neskolkimi_sajtami,"переключаться, между сайтами, переключаться между сайтами, переключение между сайтами"
Как активировать электронную почту на своем сайте?,https://nethouse.ru/about/instructions/kak_aktivirovat_elektronnuyu_pochtu_na_svoem_sajte,"активация почты, как активировать почту, активировать емейл, активировать email, активация емейла, активация email"
Каким должно быть имя сайта?,https://nethouse.ru/about/instructions/kakim_dolzhno_byt_imya_sajta,"какое имя, каким должно быть имя, правило имени, имя сайта"
Как объединить несколько имеющихся сайтов в один аккаунт?,https://nethouse.ru/about/instructions/kak_obedinit_neskolko_imeyushhixsya_sajtov_v_odin_akkaunt,"объединить сайты, добавить сайт в аккаунт, сайт в аккаунт"
Как подключить к аккаунту вход через социальные сети или через Яндекс?,https://nethouse.ru/about/instructions/kak_podklyuchit_k_akkauntu_vxod_cherez_socialnye_seti_ili_cherez_yandeks,"вход через социальные сети, авторизация соц. сети, через соц. сети"
Почему я не могу зарегистрироваться в Nethouse?,https://nethouse.ru/about/instructions/ne_mogu_zaregistrirovatsya,"не могу зарегистрироваться, не получается, не могу"
"Не нажимается кнопка ""Создать сайт""?",https://nethouse.ru/about/instructions/ne_nazhimaetsya_knopka_sozdat_sajt_besplatno,"не нажимается кнопка, не работает кнопка"
Почему мне не пришло письмо для подтверждения электронной почты?,https://nethouse.ru/about/instructions/podtverzhdenie_elektronnoj_pochty,"не пришло письмо, спам, не приходит email, не пришло письмо активации, нет письма"
Как войти в панель управления сайта?,https://nethouse.ru/about/instructions/vojti_v_panel_upravleniya,"войти в сайт, авторизации, зайти на сайт, войти в управление сайтом, зайти в админку, админка, управление, как войти в панель управления"
"Я купил домен, как мне войти в панель управления сайта?",https://nethouse.ru/about/instructions/ya_kupil_domen_kak_mne_vojti_v_panel_upravleniya,"домен, купил домен, покупка домена, доменное имя, войти в сайт, авторизации, зайти на сайт, войти в управление сайтом, зайти в админку, админка, управление, как войти в панель управления, купил домен как войти в управление сайта"
Я потерял доступ к сайту,https://nethouse.ru/about/instructions/ya_poteryal_dostup_k_sajtu,"зайти на сайт, потерял, доступ к сайту, украли, взломали, взломал, украл, аккаунт, учетка, восстановить, восстановление"
Как изменить имя сайта и доменную зону?,https://nethouse.ru/about/instructions/izmenit_imya_sajta,"поменять имя сайта, изменить сайт, изменить имя сайта. Перенос сайта, перенос доменной зоны, перенос, имя сайта"
Как удалить сайт?,https://nethouse.ru/about/instructions/kak_udalit_sayt,"удаление, удалить сайт, сайт, ненужный, убрать, заблокировать, скрыть, удалить сайты, ненужные"
Как сменить владельца сайта?,https://nethouse.ru/about/instructions/peredacha_sajta_s_odnogo_nethouse_account_na_drugoj,"передать аккаунт, сменить почту, изменить, продать, передать, изменить почту, изменить аккаунт, сменить аккаунт, передать на аккаунт"
Как зарегистрироваться на форуме Nethouse и задать вопрос?,https://nethouse.ru/about/instructions/zaregistrirovatsya_na_forume,"форум, регистрация, зайти на форум, задать вопрос, авторизации на форуме, пароль, зарегистрироваться на форуме, nethouse форум"
Как правильно задать вопрос на форуме?,https://nethouse.ru/about/instructions/kak_bystro_poluchit_otvet_na_svoj_vopros,"вопрос, форум, задать, где задать, как задать, где, помощь, поддержка, вопрос"
Как сделать скриншот и приложить к сообщению на форуме?,https://nethouse.ru/about/instructions/kak_sdelat_skrinshot_i_prilozhit_k_soobshheniyu_na_forume,"скриншот, фото, прикрепить, отправить фото, скриншот отправить"
Как восстановить доступ к учетной записи на форуме?,https://nethouse.ru/about/instructions/kak_vosstanovit_dostup_k_uchetnoj_zapisi_na_forume,"форум, пароль от форума, учётная запись, аккаунт, учётка, забыл, восстановить, пароль, логин, почта форума."
Нужен ли мне сайт?,https://nethouse.ru/about/instructions/nuzhen_li_mne_sajt,"зачем сайт, нужен ли сайт, для чего сайт"
Сколько это стоит?,https://nethouse.ru/about/instructions/skolko_eto_stoit,"цена, сколько стоит, стоимость"
"Если у меня появился вопрос к сервису, куда я его могу задать?",https://nethouse.ru/about/instructions/poyavilsya_vopros,"обращаться, техподдержка, консультация, консультант, куда писать, как вам позвонить, как вам написать"
Есть ли у вашего сервиса тестовый период?,https://nethouse.ru/about/instructions/est_li_u_vas_testovyj_period,"тест, тестовый, период, тестовый период, бесплатный период"
Какие опции доступны мне на бесплатной версии?,https://nethouse.ru/about/instructions/kakie_opcii_dostupny_mne_na_besplatnoj_versii,"опции, бесплатные опции, бесплатная версия ограничения, ограничения"
Цели проекта,https://nethouse.ru/about/instructions/celi_proekta,"цели проекта, цели нетхаус, цели nethouse"
Сколько места вы предоставляете для сайта?,https://nethouse.ru/about/instructions/skolko_mesta_vy_predostavlyaete,"место, размер хостинга, место на хостинге, ограничение места, гб, gb, сколько места"
Будет ли на моем сайте реклама?,https://nethouse.ru/about/instructions/budet_li_na_moem_sajte_reklama,"реклама, реклама на сайте, будет ли реклама"
Как опубликовать сайт в Интернете?,https://nethouse.ru/about/instructions/kak_opublikovat_sajt,"опубликовать, публикация, как запустить, как опубликовать, опубликовать в интернете"
"Где можно заказать работы по сайту: настройку дизайна, написание текстов и т.д.?",https://nethouse.ru/about/instructions/gde_mozhno_zakazat_raboty_po_sajtu,"агент, агенты, хочу заказать, заказать работы для сайта, у вас можно заказать"
У меня есть пожелания по развитию сервиса. Куда я могу их отправить?,https://nethouse.ru/about/instructions/est_pozhelaniya,"пожелания, пожелание, предложение"
Можно ли перенести Вашу CMS на свой хостинг?,https://nethouse.ru/about/instructions/perenesti_cms,"перенести сайт, забрать сайт, как перенести сайт"
Планируете ли вы открывать html?,https://nethouse.ru/about/instructions/otkryvat_html,"html, код, доступ к коду"
Есть ли доступ к сайту через ftp соединение?,https://nethouse.ru/about/instructions/dostup_k_sajtu_cherez_ftp_soedinenie,ftp доступ
Можно ли заказать новую опцию специально для моего сайта?,https://nethouse.ru/about/instructions/zakazat_opciyu,"опция для меня, опция для моего сайта, хочу, можно ли, вы можете сделать"
Могу ли я создать форум на своем сайте?,https://nethouse.ru/about/instructions/sozdat_forum,"форум, форум на сайте, могу ли я сделать форум"
Есть ли обзорный видеотур по сервису?,https://nethouse.ru/about/instructions/est_li_obzornyj_videotur,видеотур
Есть ли подробные видеоинструкции к сервису?,https://nethouse.ru/about/instructions/est_li_podrobnye_videoinstrukcii,видеоинструкции
Как продвинуть сайт в поисковых системах?,https://nethouse.ru/about/instructions/kak_prodvinut_sajt_v_poiskovyx_sistemax,"продвижение, продвинуть сайт в поиске, как продвинуть сайт"
Когда можно начинать продвижение своего сайта?,https://nethouse.ru/about/instructions/kogda_mozhno_nachinat_prodvizhenie_svoego_sajta,"продвижение сайта, когда начинать"
Покажите примеры уже существующих у вас сайтов,https://nethouse.ru/about/instructions/pokazhite_primery_sajtov,"примеры сайтов, где посмотреть готовые сайты"
Какой браузер вы рекомендуете?,https://nethouse.ru/about/instructions/kakoj_brauzer_vy_rekomenduete,"какой браузер, версия браузера, рекомендуемый браузер, браузер"
Когда будет реализована новая опция?,https://nethouse.ru/about/instructions/kogda_budet_realizovana_novaya_opciya,"когда будет новая опция, новинки, опция, новая опция, когда появится"
Правила рассмотрения жалоб правообладателей,https://nethouse.ru/about/instructions/pravila_rassmotreniya_zhalob_pravoobladatelej,"рассмотрение жалоб, жалоба"
Мобильное приложение: как выбрать подрядчика?,https://nethouse.ru/about/instructions/mobilnoe_prilozhenie_kak_vybrat_podryadchika,мобильное приложение
Нужен SMM. Как выбрать подрядчика?,https://nethouse.ru/about/instructions/nuzhen_smm_kak_vybrat_podryadchika,"smm, как выбрать smm, у вас есть smm, вопросы по smm"
Услуги Продвижения для клиентов не на Nethouse,https://nethouse.ru/about/instructions/uslugi_prodvigeniya_dlya_klientov_ne_na_nethouse,"продвижение, услуги продвижения, хочу продвижение, как заказать продвижение"
Есть ли у Nethouse партнерская или бонусная программа?,https://nethouse.ru/about/instructions/partnerskaya_programma,"партнерская программа, бонусная программа"
Как создать партнерскую ссылку (промокод)?,https://nethouse.ru/about/instructions/kak_sozdat_partnerskuyu_ssylku,"парнерская ссылка, промокод, партнерский промокод, промо"
Что такое бонусы?,https://nethouse.ru/about/instructions/chto_takoe_bonusy,"что такое бонусы, бонус"
Как пригласить друзей в Nethouse?,https://nethouse.ru/about/instructions/kak_priglasit_druzej_v_nethouse,"как пригласить, друзья, пригласить друзей"
Центр конфиденциальности,https://nethouse.ru/about/instructions/centr_konfidencialnosti,"конфиденциальность, политика конфиденциальности"
Privacy Policy,https://nethouse.ru/about/instructions/privacy_policy,"privacy policy, privacy, policy"
Как добавить товар?,https://nethouse.ru/about/instructions/kak_dobavit_tovar,"как добавить товар, добавить товар, добавить"
Как копировать товар?,https://nethouse.ru/about/instructions/kak_kopirovat_tovar,"как копировать товар, копировать товар, копировать"
Как быстро изменить основные данные о товаре?,https://nethouse.ru/about/instructions/kak_bystro_izmenit_osnovnye_dannye_o_tovare,"быстро менять, быстро изменить, основные данные"
Как добавить увеличение изображения товара при наведении?,https://nethouse.ru/about/instructions/kak_dobavit_uvelichenie_izobrazheniya_tovara_pri_navedenii,"увеличение изображения, как сделать увеличение, увеличение при наведении"
У меня не отображается каталог товаров,https://nethouse.ru/about/instructions/ne_otobrazhaetsya_katalog,"Не отображается каталог, каталог скрыть, не отображается каталог"
Как продавать цифровые товары?,https://nethouse.ru/about/instructions/kak_prodavat_cifrovye_tovary,"цифровой товар, цифровые товары, как продавать цифровые товары"
Как вывести товар на главную страницу?,https://nethouse.ru/about/instructions/tovar_na_glavnuyu_stranicu,"вывести на главную, вывести товар на главную, товар на главной"
"Как скрыть на главной странице товары, которых нет в наличии?",https://nethouse.ru/about/instructions/kak_skryt_na_glavnoy_tovari_kotorih_net_v_nalichii,"Скрыть товар, скрывать когда нет в наличии, скрыть нет в наличии, скрыть на главной с нулевым"
Как скрыть заголовок страницы в карточке товара?,https://nethouse.ru/about/instructions/kak_skrit_zagolovok_stranicy_v_kartochke_tovara,"скрыть заголовок, скрыть название, скрыть текст"
"Как показывать товары, которых нет в наличии, в конце каталога?",https://nethouse.ru/about/instructions/kak_pokazyvat_tovari_kotorih_net_v_nalichii_v_konce_kataloga,"конец каталога, конце каталога, без остатка в конец, нулевой остаток в конец, без остатка в конце каталога"
Как включить информирование клиентов о поступлении товаров?,https://nethouse.ru/about/instructions/kak_vkluchit_informirovanie_klientov_o_postuplenii_tovarov,"информирование, информирование о поступлении"
Как вывести раздел каталога товаров на главную страницу?,https://nethouse.ru/about/instructions/vyvesti_tovar_na_glavnuyu,"вывести на главную, вывести раздел на главную, раздел на главной"
Как вынести каталог товаров в отдельный блок?,https://nethouse.ru/about/instructions/kak_vynesti_katalog_tovarov_v_otdelnyj_blok,"вывести в отдельный блок, вынести в отдельный блок, отдельный блок, вынести каталог, вынести каталог в отдельный блок"
Как изменить адрес страницы товара?,https://nethouse.ru/about/instructions/kak_izmenit_adres_stranicy_tovara,"изменить адрес страницы, ЧПУ, как переименовать страницу, адрес страницы"
Как изменить единицы измерения товаров?,https://nethouse.ru/about/instructions/kak_izmenit_edinicy_izmereniya_tovarov,"единица измерения, единицы измерения, изменить единицу, измерения"
Как изменить адрес раздела товара?,https://nethouse.ru/about/instructions/kak_izmenit_adres_razdela_tovara,"изменить адрес раздела товара, адрес раздела, изменить адрес"
Как переместить товар из одного раздела в другой?,https://nethouse.ru/about/instructions/peremestit_tovar_v_drugoy_razdel,"перемещение товара, как переместить товар между разделами, между разделами"
Как переместить один товар в пределах раздела?,https://nethouse.ru/about/instructions/kak_peremestit_odin_tovar_v_predelax_razdela,"перемещение товара, как переместить товар в разделе, в разделе поменять местами"
Как добавить описание к разделу каталога товаров?,https://nethouse.ru/about/instructions/kak_dobavit_opisanie_k_razdelu_kataloga_tovara,"описание раздела, как добавить описание, описание к разделу, описание"
Как установить скидку на товар?,https://nethouse.ru/about/instructions/kak_ustanovit_skidku_na_tovar,"скидка, скидку на товар, установить скидку"
У меня не отображается поле для ввода скидки,https://nethouse.ru/about/instructions/propalo_pole_ckidki,"поле для скидки, поле для ввода скидки, куда вводить промокод"
Как установить на товар рекламную метку?,https://nethouse.ru/about/instructions/kak_ustanovit_reklamnuyu_metku,"рекламная метка, метка, установить метку"
"Как добавить к товару блок ""С этим товаром покупают""?",https://nethouse.ru/about/instructions/kak_dobavit_tovar_v_blok_s_etim_tovarom_pokupayut,"дополнительные товары, с этим покупают, рекомендованный товар, с этим товаром покупают"
Как добавить поиск и сортировку по каталогу товаров?,https://nethouse.ru/about/instructions/kak_dobavit_poisk_i_sortirovku_po_katalogu_tovarov,"поиск и сортировка, сортировка в каталоге"
Как работает поиск по каталогу товаров?,https://nethouse.ru/about/instructions/kak_rabotaet_poisk_po_katalogu_tovarov,поиск по каталогу
"Как быстро найти нужный товар в каталоге, чтобы внести в него изменения?",https://nethouse.ru/about/instructions/kak_bystro_najti_nuzhny_tovar_v_kataloge,"быстрый поиск товара, как найти товар, быстро найти товар"
Как добавить фильтры по товарным группам и характеристикам?,https://nethouse.ru/about/instructions/kak_dobavit_filtry_po_tovarnym_gruppam_i_xarakteristikam,"фильтр, фильтры по товарам, фильтр характеристик"
Как включить сортировку в разделах каталога товаров и фильтр по цене?,https://nethouse.ru/about/instructions/kak_vklyuchit_sortirovku_v_razdelax_kataloga_tovarov,"фильтр по цене, сортировка в разделе, фильтр, по цене"
"Установил ""Товар в наличии"" 1 штуку, а заказать можно больше.",https://nethouse.ru/about/instructions/ustanovil_tovar_v_nalichii,"информация об остатках, остатки, информация о наличии, товар в наличии"
Как изменить количество товаров на странице?,https://nethouse.ru/about/instructions/kak_izmenit_kolichestvo_tovarov_na_stranice,"количество товаров на странице, товары на странице"
Как добавить дополнительное меню каталога товаров?,https://nethouse.ru/about/instructions/kak_dobavit_dopolnitelnoe_menyu_kataloga_tovarov,"дополнительное меню, еще одно меню каталога"
"Как показать, что товара нет в наличии?",https://nethouse.ru/about/instructions/tovara_net_v_nalichii,"скрыть товар, показать наличие, нет в наличии"
Как создать модификацию товара?,https://nethouse.ru/about/instructions/modifikaciya_tovara,"модификация товара, модификация"
Как создать новую/изменить товарную группу?,https://nethouse.ru/about/instructions/kak_sozdat_izmenit_tovarnuyu_gruppu,"товарная группа, товарную группу, создать товарную группу"
Как создать новую/изменить характеристику?,https://nethouse.ru/about/instructions/kak_sozdat_izmenit_xarakteristiku,"характеристика, характеристика товара, создать характеристику товара"
"Тип характеристики ""Чекбокс""",https://nethouse.ru/about/instructions/tip_xarakteristiki_chekboks,"чекбокс, галочка, характеристика чекбокс"
"Тип характеристики ""Текстовое поле""",https://nethouse.ru/about/instructions/tip_xarakteristiki_tekstovoe_pole,"текстовое поле, характеристика текстовая"
"Тип характеристики ""Список""",https://nethouse.ru/about/instructions/tip_xarakteristiki_spisok,"список, характеристика список"
Как передавать коды маркировки в чек на полный расчет?,https://nethouse.ru/about/instructions/kak_peredavat_kody_markirovki_v_chek,"коды маркировок, чек, полный расчет"
У меня исчезли параметры товаров,https://nethouse.ru/about/instructions/ischezli_parametry_tovarov,"параметры товара, исчезли, исчезли параметры"
Как использовать параметры товара?,https://nethouse.ru/about/instructions/kak_ispolzovat_parametry_tovara,"параметры товара, как использовать параметры"
Как сделать разные цены на товар в зависимости от параметра?,https://nethouse.ru/about/instructions/raznye_ceny_na_odin_tovar,"разные цены, цены от праметров"
"Как работает опция для товаров ""Поставка под заказ""?",https://nethouse.ru/about/instructions/opciya_postavka_pod_zakaz,"под заказ, поставка под заказ"
У товара исчез значок корзины для быстрого заказа,https://nethouse.ru/about/instructions/ischez_znachok_korziny,"корзина, быстрый заказ, значок корзины"
"Я удалил каталог товаров целиком, как его восстановить?",https://nethouse.ru/about/instructions/udalil_katalog_tovara_celikom,"удалил каталог, удалить каталог, исчез каталог, восстановить каталог, восстановление каталога"
"Я удалил раздел в каталоге товаров, помогите восстановить.",https://nethouse.ru/about/instructions/udalil_razdel_v_kataloge_tovarov,"удалил раздел, удалить раздел, исчез раздел, восстановить раздел, восстановление раздела"
Как изменить размер изображений в каталоге товаров (превью)?,https://nethouse.ru/about/instructions/kak_izmenit_razmer_izobrazhenij_v_kataloge_tovarov_prevyu,"превью, размер картинки, размер превью, параметры превью товара, превью товара"
Как создать в разделе каталога товаров подраздел?,https://nethouse.ru/about/instructions/kak_sozdat_v_razdele_podrazdel,"подраздел, как создать дополнительный раздел, доп раздел, раздел в разделе"
Как массово изменить цены на товары?,https://nethouse.ru/about/instructions/massovo_izmenit_ceny_na_tovary,"массовое изменение, массово изменить"
Как упорядочить изображения в карточке товара?,https://nethouse.ru/about/instructions/kak_uporyadochit_izobrazheniya_v_kartochke_tovara,"упорядочить изображения, упорядочить"
Как добавить услугу?,https://nethouse.ru/about/instructions/kak_dobavit_uslugu,"услуга, добавить услугу, как добавить"
Как добавить скидку к услуге?,https://nethouse.ru/about/instructions/kak_dobavit_skidku_k_usluge,"скидка, добавить скидку на услугу, скидка к услуге, скидка на услугу"
Как добавить описание к разделу Услуги?,https://nethouse.ru/about/instructions/dobavit_opisanie_k_uslugam,"описание раздела, как добавить описание, описание к услугам"
Как изменить адрес страницы услуги?,https://nethouse.ru/about/instructions/kak_izmenit_adres_stranicy_uslugi,"адрес услуг, адрес страницы услуг, адрес страниц"
Не отображается раздел Услуги,https://nethouse.ru/about/instructions/ne_otobrazhaetsya_razdel_uslugi,"скрыты услуги, нет услуг, не отображаются услуги"
Как указать номер телефона на сайте?,https://nethouse.ru/about/instructions/kak_ukazat_nomer_telefona_na_saite,"телефон, номер, номер телефона, указать, добавить, указать телефон, добавить номер"
Как вывести блок контактов на главную страницу?,https://nethouse.ru/about/instructions/vyvesti_blok_kontaktov_na_glavnuyu_stranicu,"контакты, главная страница, вывести, добавить, доьавить на главную, разместить на главной, вывести на главную"
"Как изменить форму ""Напишите нам""?",https://nethouse.ru/about/instructions/izmenit_formu_napishite_nam,"форма, форма обратной связи, напишите нам, изменить, отредактировать, внести изменения, изменить форму, редактировать форму"
"Как изменить форму ""Обратный звонок""?",https://nethouse.ru/about/instructions/izmenit_formu_obratnyy_zvonok,"форма, обратный звонок, изменить, изменить форму, внести изменения, изменить данные в форме"
Как показать адрес офиса/магазина на карте?,https://nethouse.ru/about/instructions/kak_otobrazit_adres_sayta_na_karte,"адрес, карта, показать адрес на карте, добавить адрес на карту, отметить на карте, указать на карте"
Как добавить фотографии к адресу?,https://nethouse.ru/about/instructions/kak_dobavit_fotografii_k_adresu,"фото, фотограции, добавить фото к адресу, загрузить фото магазина"
Как создать паблик чат в Viber?,https://nethouse.ru/about/instructions/kak_sozdat_pablik_chat_v_viber,"вайбер, viber, паблик чат, создать чат"
Как создать канал в Telegram?,https://nethouse.ru/about/instructions/kak_sozdat_kanal_v_telegram,"телеграм, telegram, канал, создать канал"
Как получить API Key для карт Google?,https://nethouse.ru/about/instructions/kak_poluchit_apikey_dlya_kart_google,"апи кей, api key, ключ для карты, не работает карта, не получается добавить адрес"
Как получить API Key для Яндекс.Карт?,https://nethouse.ru/about/instructions/kak_poluchit_apikey_dlya_kart_yandex,"апи кей, api key, ключ для карты, не работает карта, не получается добавить адрес"
Как добавить иконки мессенджеров в шапку сайта?,https://nethouse.ru/about/instructions/kak_dobavit_ikonki_messendzherov_v_shapku_sajta,"мессенджеры, добавить иконки мессенджеров, добавить иконки в шапку сайта, ватсап, телеграм, вайбер, whatsapp, telegram, viber"
Как добавить блок фотогалерея на главную страницу?,https://nethouse.ru/about/instructions/kak_dobavit_fotogalereyu_na_glavnuy,"галерея, фотогалерея, как добавить блок фото, добавить на главную"
Как добавить фотографии?,https://nethouse.ru/about/instructions/kak_dobavit_fotografii,"фото, добавить фото, загрузить фото, загрузить фотографии"
У меня не отображается фотогалерея,https://nethouse.ru/about/instructions/u_menya_ne_otobrazhaetsya_fotogalereya,"не отображается фотогалерея, не рабоатет фотогалерея, не видно фотографий, почему не отображаются альбомы"
Как изменить размер изображений (превью) в фотогалерее?,https://nethouse.ru/about/instructions/kak_izmenit_razmer_izobrazhenij_v_fotogaleree,"размер изображенией, превью, изменить размер превью"
"Как добавить блок ""Отзывы и комментарии"" на главную страницу?",https://nethouse.ru/about/instructions/dobavit_blok_otzyvy_na_glavnyu,"отзывы, комментарии, отзывы и комментарии, вывести на главную, добавить на главную, показать на главной странице"
"Как добавить блок ""Отзывы и комментарии"" в меню?",https://nethouse.ru/about/instructions/kak_dobavit_blok_otzyvy_i_kommentarii_v_menyu,"отзывы, комментарии, отзывы и комментарии, добавить в меню"
Как включить премодерацию комментариев?,https://nethouse.ru/about/instructions/kak_vklyuchit_predmoderaciyu_kommentariev,"премодерация комментариев, почему не видно отзывов, нет отзывов на сайте"
Как изменить вкладку Комментарии в товаре?,https://nethouse.ru/about/instructions/kak_izmenit_vkladku_kommentarii_v_tovare,"вкладка, вкладка комментарии, изменить, переименовать, как переименовать"
Как вынести отзыв в левую часть сайта?,https://nethouse.ru/about/instructions/vynesti_otzyv_v_levuyu_chast_sayta,"отзыв, вывести отзыв в левую часть сайта"
Как вынести отзывы на главную страницу?,https://nethouse.ru/about/instructions/kak_vynesti_otzyvy_na_glavnuyu_stranicu,"отзыв, отзывы, вынести отзывы на главную страницу, показать отзывы га главной странице, добавить отзывы на главную страницу"
Как подключить авторизацию через ВКонтакте для отзывов?,https://nethouse.ru/about/instructions/kak_podklyuchit_avtorizaciyu_cherez_vkontakte_dlya_otzyvov,"авторизация вконтакте, авторизация для отзывов, подключить авторизацию для отзывов, сделать авторизацию для отзывов"
Как подключить авторизацию через Facebook для отзывов?,https://nethouse.ru/about/instructions/kak_podklyuchit_avtorizaciyu_cherez_facebook_dlya_otzyvov,"авторизация фейсбук, подключить авторизацию фейсбук"
Как ответить на отзыв от лица администратора сайта?,https://nethouse.ru/about/instructions/otvetit_na_otzyv_ot_lica_administratora,"ответ на отзыв, как ответить на отзыв, ответить от лица администратора"
Как изменить дату и время отзывов и комментариев на сайте?,https://nethouse.ru/about/instructions/kak_ubrat_vremya_v_kommentariyax,"убрать время в комментариях, не оотображать время в окмментариях, как не показывать время"
"Можно ли банить посетителей, которые оставляют негативные комментарии?",https://nethouse.ru/about/instructions/mozhno_li_banit_posetitelej,"бан посетителей, как забанить посетителей, можно ли банить посетителей"
Как добавить страницу доставки и способы доставки на сайт?,https://nethouse.ru/about/instructions/kak_dobavit_stranicu_dostavki_na_sayt,"добавить, установить, поставить, разместить, страницу, страницы, доставки, доставка, способы доставки, на сайт, на сайты"
Как добавить текстовую страницу на сайт?,https://nethouse.ru/about/instructions/kak_dobavit_tekstovuyu_stranicu,"добавить, установить, поставить, разместить, текстовую страницу, текстовой странице"
Как добавить блоки на текстовую страницу?,https://nethouse.ru/about/instructions/kak_dobavit_bloki_na_tekstovuyu_stranicu,"добавить, установить, поставить, разместить, блоки, блок, на текстовую, на текстовой, странице"
Как установить пароль на текстовую страницу?,https://nethouse.ru/about/instructions/kak_ustanovit_parol_na_tekstovuyu_stranicu,"добавить, установить, поставить, пароль, пароли, текстовую страницу, текстовой страницы"
Как изменить адрес текстовой страницы?,https://nethouse.ru/about/instructions/kak_izmenit_url,"изменить, поменять, заменить, адрес, адрес страницы, текстовой"
Как разместить рекламу/баннер партнеров на сайте?,https://nethouse.ru/about/instructions/razmestit_reklamu_partnerov,"добавить, установить, поставить, разместить, баннер, баннеры, рекламу, рекламы, партнёр, пратнёра, партнера"
Как добавить на сайт страницу оплаты?,https://nethouse.ru/about/instructions/kak_dobavit_na_sajt_stranicu_oplaty,"добавить, установить, поставить, страницу, страница, оплаты, оплата"
Как добавить на сайт страницу производителя?,https://nethouse.ru/about/instructions/kak_dobavit_na_sajt_stranicu_proizvoditelya,"добавить, установить, поставить, страницу, страница, производитель, производителя"
Как добавить на сайт всплывающее рекламное окно?,https://nethouse.ru/about/instructions/kak_dobavit_na_sajt_vsplyvayushhee_reklamnoe_okno,"добавить, установить, поставить, всплывающее, рекламное, окно, сайт"
Как переименовать раздел в меню?,https://nethouse.ru/about/instructions/pereimenovat_razdel_v_menyu,"переименовать, изменить, поменять, разделы, раздел, меню"
Можно ли сделать меню с выпадающими окнами?,https://nethouse.ru/about/instructions/sdelat_menyu_s_oknami,"как, можно, установить, поставить, меню, с выпадающими, выпадающие, окна, окно"
Не отображаются пункты меню,https://nethouse.ru/about/instructions/ne_otobrazhautsya_punkty_menyu,"не отображаются, где, убрались, пропали, не видно, пункты, пункт, меню"
Как скрыть меню сайта?,https://nethouse.ru/about/instructions/kak_skryt_menyu_sajta,"Как, скрыть, закрыть, убрать, меню, блок, сайт, сайта"
Как добавить логотип?,https://nethouse.ru/about/instructions/kak_dobavit_logotip,"добавить, установить, поставить, логотип, логотипы"
Как настроить отображение логотипа на сайте?,https://nethouse.ru/about/instructions/kak_nastroit_logotip_na_sajte,"настроить, изменить, редактировать, отображение, логотипа, логотип, логотипы"
Как добавить слоган?,https://nethouse.ru/about/instructions/kak_dobavit_slogan,"добавить, установить, поставить, слоган, слоганы"
Как добавить промо-баннер?,https://nethouse.ru/about/instructions/kak_dobavit_promo_banner,"добавить, установить, поставить, промо баннер, промо-баннер, промо баннеры, промо-баннеры"
Как добавить баннер в левый блок сайта?,https://nethouse.ru/about/instructions/kak_dobavit_banner_v_levyj_blok_sajta,"добавить, установить, поставить, баннер, баннеры, левый, лево, в левый, блок, в левый блок"
Как изменить копирайт сайта?,https://nethouse.ru/about/instructions/kak_izmenit_kopirajt_sajta,"изменить, поменять, заменить, копирайт, копирайты, сайт, на сайте"
Как добавить фон к таблице?,https://nethouse.ru/about/instructions/kak_izmenit_fon_tablicy,"добавить, установить, поставить, фон, таблица, таблице"
Как добавить новость на сайт?,https://nethouse.ru/about/instructions/kak_dobavit_novost_na_sayt,"добавить, установить, поставить, новость, новости, сайт, на сайт"
Как изменить адрес страницы новости?,https://nethouse.ru/about/instructions/kak_izmenit_adres_stranicy_novosti,"изменить, поменять, заменить, адрес, адреса, адресы, страниц, страница, изменить адрес страницы, новости"
Почему я не могу прочитать новости своего сайта в ленте RSS?,https://nethouse.ru/about/instructions/novosti_sayta_v_lente_rss,"почему, как, прочитать, читать, ленте, лента, прочитать в ленте, RSS, рсс"
Как добавить на сайт триггеры?,https://nethouse.ru/about/instructions/kak_dobavit_na_sajt_triggery,"добавить, установить, поставить, триггер, триггеры,"
"Как добавить на сайт кнопку, картинку и картинку плюс текст?",https://nethouse.ru/about/instructions/kak_dobavit_na_sajt_knopku,"добавить, установить, поставить, кнопку, картинку, кнопки, картинки, изображение, изображения, текст, тексты , вместе, с"
"Как редактировать промо-баннер в шаблоне ""Лендинг""?",https://nethouse.ru/about/instructions/opisanie_funkcionala_promobanner_v_shablone_lending,"редактировать, изменять, поменять, изменить, промо-баннер, промо баннер, баннер, лендинг, в шаблоне"
"Как редактировать архивный слайдер в профессиональном шаблоне, Дизайн №1, №2?",https://nethouse.ru/about/instructions/kak_redaktirovat_slajder_dizajn_1_2,"редактировать, изменять, поменять, изменить, промо-баннер, промо баннер, баннер"
Как добавить видеофон на слайдер?,https://nethouse.ru/about/instructions/kak_dobavit_videofon_na_slajder,"как, добавить, как добавить, установить, поставить, видеофон, видео-фон, на слайдер, на слайдеры, слайдер"
Как добавить разделы к статьям?,https://nethouse.ru/about/instructions/dobavit_razdely_k_statyam,"добавить, установить, поставить, разделы, раздел, к статьям, к статье, статья, статьи"
Как добавить статью?,https://nethouse.ru/about/instructions/kak_dobavit_statyu,"добавить, установить, поставить, статью, статьи"
Как разбить статью на две части (убрать часть текста под кат)?,https://nethouse.ru/about/instructions/kak_razbit_statyu_na_dve_chasti,"разбить, разделить, разделить статью, разбить статью, статья, статьи, части, часть"
Как изменить адрес страницы статьи?,https://nethouse.ru/about/instructions/kak_izmenit_adres_stranicy_statyi,"изменить, поменять, заменить, адрес, адреса, адресы, страниц, страница, изменить адрес страниц"
Как добавить блок видео на сайт?,https://nethouse.ru/about/instructions/kak_dobavit_blok_video,"добавить, установить, поставить, загрузить, видео, видеоролики, видеоролик, видеофайл, видеофайлы, блок с видео, блоки, блок"
Как добавить видеофайлы на сайт?,https://nethouse.ru/about/instructions/kak_dobavit_videofajly_na_sajt,"добавить, установить, поставить, загрузить, видео, видеоролики, видеоролик, видеофайл, видеофайлы, канал, ютуб, ютуба, youtube"
Как добавить блок статистики на сайт?,https://nethouse.ru/about/instructions/kak_dobavit_blok_statistiki,"добавить, установить, поставить, блоки, блок, статистика, статистику"
Почему не работают счетчики статистики?,https://nethouse.ru/about/instructions/pochemu_ne_rabotayut_schetchiki_statistiki,"не работает, не работают, счетчик, счетчики, счётчик, счётчики, неактивны, не функционируют"
Не вижу счетчики Яндекс.Метрики и Google Analytics на сайте,https://nethouse.ru/about/instructions/ne_vizhu_schetchiki_yandeksmetriki,"счётчики, не видно, где, скрыты, скрылись, пропали, пропал, счётчик, счетчик"
Как добавить сайт в Яндекс.Вебмастер?,https://nethouse.ru/about/instructions/kak_dobavit_sajt_v_webmaster_yandex,"добавить, установить, подключить, интегрировать, сайт, свой сайт, сайты, Я.вебматер, вебмастеры, вебмастер, веб мастер, Яндекс вебмастер"
Как установить счетчик Яндекс.Метрика (редактор 1.0)?,https://nethouse.ru/about/instructions/kak_ustanovit_schetchik_yandeks_metrika,"как, каким образом, как именно, настроить, настройка, яндекс метрика, яндекс метрику, Яндекс.метрика, Я.метрика, редактор 1.0, редактор 1, 1.0, 1, один, первый"
Как установить информер Яндекс.Маркет?,https://nethouse.ru/about/instructions/kak_ustanovit_informer_yandeks_market,"добавить, установить, подключить, интегрировать, информер, информеры, Я.Маркет, яндекс маркет, yandex market"
Как настроить цели в Яндекс.Метрике?,https://nethouse.ru/about/instructions/nastrojka_celej_v_yandeks_metrika,"настроить, настройка, установка, настройка целей, цели, цель, яндекс метрика, яндекс метрику, Я.метрика, Я.метрику, Я.метрике, яндекс метрике"
Как настроить электронную коммерцию в Яндекс.Метрике?,https://nethouse.ru/about/instructions/kak_nastroit_elektronnyju_kommercciy_v_yandex_metrike,"как, каким образом, как именно, настроить, настройка, установка, электронная, коммерция, коммерцию, яндекс метрика, Я.метрика, yandex, яндекс"
Как добавить сайт в Google Search Console?,https://nethouse.ru/about/instructions/kak_dobavit_sajt_v_google_webmasters_tools,"добавить, установить, подключить, интегрировать, гугл сёрч консоль, google search console"
Как установить счетчик Google Analytics (редактор 1.0)?,https://nethouse.ru/about/instructions/kak_ustanovit_schetchik_google_analytics,"как, каким образом, как именно, настроить, настройка, гугл аналитика, гугл аналитику, google analytics, редактор 1.0, редактор 1, 1.0, 1, один, первый"
Как настроить цели в Google Analytics?,https://nethouse.ru/about/instructions/kak_nastroit_celi_v_google_analytics,"настроить, настройка, установка, настройка целей, цели, цель, гугл аналитику, google analytics"
Установка Google Analytics с помощью Google Tag Manager,https://nethouse.ru/about/instructions/ustanovka_google_analytics_cherez_gtm,"установить, установка, добавление, добавить, гугл аналитика, гугл аналитику, google analytics, gtm, гтм, гугл таг менеджер, google tag manager"
Как в Google Analytics отображать знак # в URL в отчетах и настроить цели на отправку форм?,https://nethouse.ru/about/instructions/otslegivanie_hasha_v_otchetah_google_analytics,"отображать, знак, отображение, #, решётки, решетки, отчет, отчёт, отчёты"
Как настроить электронную торговлю в Google Analytics?,https://nethouse.ru/about/instructions/kak_nastroit_elektronnyju_torgovlu_v_google_analytics,"как, каким образом, как именно, настроить, настройка, установка, электронная, торговля, торговлю, гугл аналитика, гугл аналитику, google analytics"
Как установить счетчик Liveinternet?,https://nethouse.ru/about/instructions/kak_dobavit_schetchik_liveinternet,"как, добавить, добавление, установить, счётчик, счётчики, liveinternet, лайв интернет"
Как добавить сайт в Вебмастер Mail.ru?,https://nethouse.ru/about/instructions/kak_dobavit_sajt_v_webmaster_mail_ru,"как, добавить, добавление, установить, вебмастер, веб мастер, web, webmaster, web master, майл ру, майл.ру, mail ru, mail.ru"
Как добавить сайт в Вебмастер Bing?,https://nethouse.ru/about/instructions/kak_dobavit_sajt_v_vebmaster_bing,"как, добавить, добавление, установить, вебмастер, веб мастер, web, webmaster, web master, bing, бинг"
Как работает Вебвизор?,https://nethouse.ru/about/instructions/vebvizor,"как, каким образом, как именно, работает, работа, вебвизор, вебвизоры"
"Надо ли снова подключать сервисы статистики, если просрочить оплату платного тарифа?",https://nethouse.ru/about/instructions/nado_li_snova_podklyuchat_servisy_statistiki,"нужно, надо, нужно ли, нужно-ли, надо-ли, надо ли, снова, опять, заново, подключать, статистику, статистики, серивисы, сервис, просрочили, не оплатили, не оплатил"
"Как добавить блок ""Таймер"" на сайт?",https://nethouse.ru/about/instructions/kak_dobavit_blok_schetchik,"добавить, установить, блок, блоки, добавить блок, добавить блоки, добавить таймер, таймер, таймеры"
Как найти таймер для акций в шаблоне Презентационный?,https://nethouse.ru/about/instructions/nayti_schetchik_dlya_akciy,"найти, таймер, таймеры, акция, акции, найти таймер, найти таймеры, шаблон, шаблоны, презентационный"
Как добавить и отредактировать лид-форму?,https://nethouse.ru/about/instructions/kak_dobavit_lid_formu,"добавить, установить, добавил, добавление, лид-форма, лид-форму, лидформа, лидформу, лид форма, лид формы, редактировать, редактирование, отредактировать"
Как добавить кнопки социальных сетей на сайт?,https://nethouse.ru/about/instructions/kak_dobavit_knopki_socialnyx_setej,"добавить, добавление, установить, на сайт, кнопки, кнопка, кнопки, социальные сети, социальных сетей, социальную кнопку, социальные кнопки"
Как вывести кнопки социальных сетей в левом блоке?,https://nethouse.ru/about/instructions/kak_vyvesti_knopki_socialnyx_setej_v_levom_bloke,"вывести, вывод, выносить, вынесение, кнопки, социальные кнопки, кнопки соц сетей, кнопки социальных сетей, левый, лево, блок, блоки, левый блок, в левом блоке"
Как добавить сайт в Google Мой бизнес?,https://nethouse.ru/about/instructions/kak_dobavit_sajt_v_google_moj_biznes,"добавить, добавление, установить, сайт, сайты, мой сайт, google, гугл, мой бизнес, мои бизнесы, my business"
Как установить поиск по сайту от Яндекса?,https://nethouse.ru/about/instructions/kak_ustanovit_poisk_po_saytu,"установить, интегрировать, интеграция, запустить, поиск, поиски, поиск по сайту, поиск на сайте, сайтовый поиск, поиск яндекс, поиск yandex"
Как установить поиск по сайту от Google?,https://nethouse.ru/about/instructions/kak_ustanovit_poisk_po_sajtu_ot_google,"установить, интегрировать, интеграция, запустить, поиск, поиски, поиск по сайту, поиск на сайте, сайтовый поиск, гугл, google, поиск google"
"Почему моего сайта нет в поисковых системах Яндекс, Google, Mail.ru?",https://nethouse.ru/about/instructions/sayta_net_v_poiskovyh_sistemah,"нет,нету, не отображается, поиск, поисковой, поисковая, сайт, сайта нет, нет сайта, не видно сайт, не видим сайт, яндекс, гугл, майл ру, yandex, google, mail ru"
Надо ли делать автоматический прогон по каталогам?,https://nethouse.ru/about/instructions/nado_li_delat_avtomaticheskij_progon_po_katalogam,"каталог, каталогам, каталоги, прогон, прогоны, можно, надо, надо ли, надо-ли, автоматически, автоматический, сделать автоматический, сделать, делать автоматический прогон по каталогам"
Как выделить сниппет в поисковой выдаче Яндекса?,https://nethouse.ru/about/instructions/kak_vydelit_snippet_v_poiskovoj_vydache_yandeksa,"выделить, выделять, отметить, вынести, сниппет, сниппеты, снипет, снипеты, поиск, поисковая, выдача, выдачи, яндекс, yandex, для поисковой выдачи, выделить сниппет, выделить снипет"
Как перейти в режим просмотра / редактирования?,https://nethouse.ru/about/instructions/kak_perejti_v_rezhim_prosmotr,"просмотр, редактирование, как включить редактирование, как перейти в редактор"
Как перемещать (менять местами) блоки на сайте?,https://nethouse.ru/about/instructions/peremeshhat_bloki_na_sajte,"менять местами, перемещать, как перемещать, как менять"
Как скрыть/показать блок на сайте?,https://nethouse.ru/about/instructions/kak_skryt_skryt_pokazat_blok,"скрыть, показать, как скрыть, как показать"
Как скрыть сайт на время его разработки?,https://nethouse.ru/about/instructions/kak_skryt_sajt_na_vremya_razrabotki,"как скрыть сайт, закрыть сайт, скрыть сайт, на время"
У меня ничего не работает,https://nethouse.ru/about/instructions/u_menya_nichego_ne_rabotaet,"ничего не работает, у меня не работает, не работает"
Как добавить на сайт блок Возможности?,https://nethouse.ru/about/instructions/kak_dobavit_na_sajt_blok_vozmojnosti,возможности
Как добавить на сайт блок Карточки?,https://nethouse.ru/about/instructions/kak_dobavit_na_sajt_blok_kartochki,карточки
Как добавить на сайт блок Карусель?,https://nethouse.ru/about/instructions/kak_dobavit_na_sajt_blok_karusel,карусель
Как добавить на сайт блок Слайдер?,https://nethouse.ru/about/instructions/kak_dobavit_na_sajt_blok_slajder,слайдер
Как добавить на сайт блок Ссылки?,https://nethouse.ru/about/instructions/kak_dobavit_na_sajt_blok_ssylki,ссылки
Как добавить на сайт блок HTML-код?,https://nethouse.ru/about/instructions/kak_dobavit_na_sajt_blok_html,HTML-код
Как добавить на сайт блок Карта?,https://nethouse.ru/about/instructions/kak_dobavit_na_sajt_blok_karta,карта
Как добавить на сайт блок Призыв к действию?,https://nethouse.ru/about/instructions/kak_dobavit_na_sajt_blok_priziv_k_deistviy,призыв к действую
Как добавить на сайт блок Видео?,https://nethouse.ru/about/instructions/kak_dobavit_na_sajt_blok_video,видео
Как добавить на сайт блок Текст?,https://nethouse.ru/about/instructions/kak_dobavit_na_sajt_blok_tekst,текст
Как добавить на сайт блок Заголовок первого уровня (SEO)?,https://nethouse.ru/about/instructions/kak_dobavit_na_sajt_blok_zagolovok_pervogo_urovnya_seo,"SEO, заголовок первого уровня, заголовок 1 уровня, H1"
Как добавить на сайт блок Колонки?,https://nethouse.ru/about/instructions/kak_dobavit_na_sajt_blok_kolonki,колонки
Как добавить на сайт блок Вопрос/Ответ?,https://nethouse.ru/about/instructions/kak_dobavit_na_sait_blok_vopros_otvet,вопрос/ответ
Как добавить на сайт блок Таймлайн?,https://nethouse.ru/about/instructions/kak_dobavit_na_sait_blok_timeline,таймлайн
Как скопировать настройки блока?,https://nethouse.ru/about/instructions/kak_skopirovat_nastrojki_bloka,"как скопировать настройки блока, копия блока, копировать блок"
Как добавить раздел Документы?,https://nethouse.ru/about/instructions/kak_dobavit_razdel_dokumenty,документы
Как добавить меню питания для школ?,https://nethouse.ru/about/instructions/kak_dobavit_razdel_pitanie,"питания для школ, меню питания"
Как добавить информер Gismeteo на сайт?,https://nethouse.ru/about/instructions/kak_dobavit_informer_gismeteo_na_sajt,gismeteo
Как добавить атрибут nofollow к ссылке?,https://nethouse.ru/about/instructions/kak_dobavit_atribut_nofollow_k_ssylke,nofollow
"Как добавить в форму на сайте чекбокс (флажок, галочку)?",https://nethouse.ru/about/instructions/kak_dobavit_v_formu_na_sajte_flazhok_chekboks,чекбокс
Как создать ссылку?,https://nethouse.ru/about/instructions/kak_sozdat_ssylku,"ссылка, как создать ссылку, создание ссылки"
Как создать якорную ссылку?,https://nethouse.ru/about/instructions/kak_sozdat_yakornuyu_ssylku,"якорь, как создать якорь, как создать якорную ссылку, создание якоря"
Как добавить пользовательское соглашение и политику конфиденциальности на сайт?,https://nethouse.ru/about/instructions/kak_dobavit_polzovatelskoe_soglashenie_i_politiku_konfidencialnosti_na_sajt,"политика конфиденциальности, пользовательское соглашение, соглашение, политика"
Как включить корзину?,https://nethouse.ru/about/instructions/kak_vklyuchit_korzinu,"корзина, знакчок корзины, включить, включить корзину, ярлык корзины"
"Как изменить название кнопки ""В корзину""?",https://nethouse.ru/about/instructions/kak_izmenyt_nazvanie_knopki_v__korzinu,"изменить, кнопка, название кнопки, изменить название, переименовать"
Как изменить валюту магазина?,https://nethouse.ru/about/instructions/kak_izmenit_valyutu_magazina,"валюта, валюта магазина, изменить, выбрать другую, выбрать не рубли, изменить валюту"
Как включить артикулы?,https://nethouse.ru/about/instructions/kak_vklyuchit_artikuly,"артикул, артикулы, включить артикулы, ввести артикулы, отключить авртикулы, внести артикулы, прописать свои, порядок нумерации"
Как изменить нумерацию заказов?,https://nethouse.ru/about/instructions/kak_izmenit_numeraciyu_zakazov,"нумерация, нумерация заказов, изменить нумерацию, как изменить нумерацию заказов"
Как добавить к товару поле для промокода?,https://nethouse.ru/about/instructions/kak_vklyuchit_promokody,"промокод, поле для промокода, добавить промокод, сделать промокод, указать промокод, задать помокод, добавить к товару, добавить поле, скидка, скидка к товару"
Как сделать скидку по промокоду на несколько товаров?,https://nethouse.ru/about/instructions/skidka_po_promokodu_na_gruppu_tovarov,"скидка, скидка про промокоду, скидка на несколько товаров, добавить скидку, создать скидку, промокод для нескольких товаров"
Как отключить скидку по промокоду для определенного товара?,https://nethouse.ru/about/instructions/kak_otkluchit_skidku_po_promokodu_dlya_tovara,"отменить скидку. отключить скидку, убрать скидку для товара, не применять скидку к товару"
У меня исчезло поле валюты. Почему?,https://nethouse.ru/about/instructions/ischezlo_pole_valyuty,"пропала валюта, исчезла валюта, нет поля валюты"
Как установить минимальную сумму заказа?,https://nethouse.ru/about/instructions/ustanovit_minimalnuyu_summu_zakaza,"минимальная сумма заказа, как установить минимальную сумму заказа"
Как изменить форму заказа товаров для клиентов?,https://nethouse.ru/about/instructions/kak_izmenit_formu_zakaza,"форма заказа, изменить, изменить форму заказа, добавить поля, удалить поля, добавить галочку, удалить галочку, сделать поле необязательным, сделать поле обязательным, поменять поля местами, прикрепить файл"
Как изменить форму заказа  услуг для клиентов?,https://nethouse.ru/about/instructions/kak_izmenit_formu_zakaza_uslug_dlya_klientov,"форма заказа услуг, изменить, изменить форму заказа услуг, добавить поля, удалить поля, сделать галочку, убрать галочку, поменять местами, сделать поле обязательным, сделать поле необязательным"
Как добавить возможность прикрепить файл в корзину?,https://nethouse.ru/about/instructions/kak_dobavit_pole_prikrepit_fajl_v_korzinu,"прикрепить файл, прикрепить файл в корзину, как прикрепить файл, файл в корзине, добавить файл"
Как изменить сообщение клиенту после заказа?,https://nethouse.ru/about/instructions/kak_izmenit_soobshhenie_klientu_posle_zakaza,"сообщение клиенту, как изменить сообщение клиенту после заказа, уведомление о приеме заказа, как изменить"
Как изменить комментарий к заказу в письме клиенту?,https://nethouse.ru/about/instructions/kak_izmenit_kommentarij_k_zakazu_v_pisme,"комментарии в письме, комментарии к заказу. изменить комментарии к заказу в письме, изменить"
Как добавить информацию в корзине?,https://nethouse.ru/about/instructions/kak_dobavit_informaciy_v_korzine,"информация в корзине, добавить информацию в корзине, как добавить сообщение в корзине"
Как включить выпадающее меню каталога товаров?,https://nethouse.ru/about/instructions/kak_vkluchit_vipadaushee_menu_kataloga_tovarov,"выпадающее меню, можно ли сделать, сделать выпадающее меню, каталог, выпадающие разделы"
Как добавить возможность заказа в один клик?,https://nethouse.ru/about/instructions/zakaz_v_odin_klik,"заказ в один клик, один клик, сразу заказать, купить без корзины, купить без офомления"
Как подключить модуль доставки от СДЭК?,https://nethouse.ru/about/instructions/kak_podklyuchit_modul_dostavki_ot_sdek,"доставка, доставка СДЕК, включить сдек, подклбчить сдек, настроить доставку, транспортная компания, приложение сдек, настроить, подключить"
Как подключить модуль доставки от Почты России?,https://nethouse.ru/about/instructions/kak_podklyuchit_modul_dostavki_ot_pochty_rossii,"доставка, доставка почтой, почта России, подключить почту, как включить почту, настроить доставку почтой, договор, договор с почтой, заключить, настроить"
Как подключить модуль доставки от Boxberry?,https://nethouse.ru/about/instructions/kak_podklyuchit_modul_dostavki_ot_boxberry,"доставка, доставка боксберри, включить боксберри, подключить боксберри, настроить, наладить, токен, приложение боксберри"
Как настроить новый модуль доставки?,https://nethouse.ru/about/instructions/nastroiki_dostavki,"модуль доставки, настроить доставку, включить доставку, подклбчить доставку, заполнить. настройки доставки, как включить, как заполнить"
Как сделать доставку бесплатной при определенной стоимости заказа?,https://nethouse.ru/about/instructions/kak_sdelat_dostavku_besplatnoj_pri_opredelennoj_stoimosti_zakaza,"доставка бесплатно, бесплатно от определенной суммы, как сделать бесплатную доставку"
Как загрузить каталог товаров на сайт из файла YML?,https://nethouse.ru/about/instructions/kak_zagruzit_katalog_tovarov_na_sajt_iz_fajla_yml,"yml, ямл, юмл, импорт с картинками, закгрузить изображения, как загрузить каталог с картинками"
Наполнение каталога товаров с помощью сервиса Cloudparser.ru,https://nethouse.ru/about/instructions/napolnenie_kataloga_cloudparser_ru,"облачный парсер, получить файл у поставщика, где взять yml, как загрузить товары от поставщика"
Как сделать экспорт/импорт каталога товаров?,https://nethouse.ru/about/instructions/kak_rabotat_s_eksportom_importom_tovarov,"импорт, экспорт, каталог товаров, загрузить выгрузить, файл каталога, сделать импорт, сделать экспорт"
Как правильно заполнить файл для экспорта/импорта каталога товаров,https://nethouse.ru/about/instructions/kak_pravilno_zapolnit_fajl_dlya_eksporta_importa_kataloga_tovarov,"файл импорт, как правильно заполнить, как заполнить файл, какие данные нужны в файле, что писать в файле, столбцы, строки, импорт, экспорт"
Как выгрузить каталог товаров в Яндекс.Маркет?,https://nethouse.ru/about/instructions/vygruzit_katalog_v_yandeksmarket,"яндекс.маркет, как выгрузить товары в яндекс.маркет, выгрзить товары, разместить товары на маркете, маркет"
Почему в Яндекс.Маркет выгрузилось только 10 товаров?,https://nethouse.ru/about/instructions/pochemu_v_yandeks_market_vygruzilos_tolko_10_tovarov,"маркет, яндекс маркет, почему выгрузилось мало товаров, товаров много а выгрузилось мало"
Как загрузить товары в Магазин ВКонтакте?,https://nethouse.ru/about/instructions/kak_zagruzit_tovary_v_magazin_vk,"магазин вконтакте, выгрузить товары в магазин, добавить товары в магазин, магазин вконтакте"
Как загрузить товары в Google Merchant Center?,https://nethouse.ru/about/instructions/kak_zagruzit_tovary_v_google_merchant_center,"google, google merchant center, товары, выгрузить товары, выгрузить товары в google"
Как загрузить товары в Facebook Commerce Manager?,https://nethouse.ru/about/instructions/kak_zagruzit_tovary_v_facebook_commerce_manager,"facebook, загрузить товары в facebook"
Как выгрузить заказы с сайта в формате .csv?,https://nethouse.ru/about/instructions/kak_vygruzit_zakazy_s_sajta_v_excel,"заказы, выгрузить заказы, csv, выгрузить заказы с сайта"
Как найти заказ от клиента в панели управления?,https://nethouse.ru/about/instructions/kak_najti_zakaz_ot_klienta_v_paneli_upravleniya,"заказ, найти заказ, как найти заказ в панели, как найти заказ клиента"
Как создать новый заказ из панели управления?,https://nethouse.ru/about/instructions/kak_sozdat_novyj_zakaz_iz_paneli_upravleniya,"заказ, создать новый заказ, как создать новый заказ в панели"
Как объединить товары из нескольких заказов в один?,https://nethouse.ru/about/instructions/kak_obedinit_tovary_iz_neskolkih_zakazov_v_odin,"заказы, обьединить, объединить заказы, сделать из нескольких один, объединить несколько заказов"
"Как изменить заказ, полученный от клиента?",https://nethouse.ru/about/instructions/izmenit_zakaz_ot_klienta,"заказ, изменить заказ, отредактировать заказ"
Как добавить товары в заказ?,https://nethouse.ru/about/instructions/kak_dobavit_tovary_v_zakaz,"заказ, добавить товары"
Как массово изменить заказы?,https://nethouse.ru/about/instructions/kak_massovo_izmenit_zakazy,"заказы, массово изменить, массово изменить заказы"
Как массово изменить цены на все товары?,https://nethouse.ru/about/instructions/kak_massovo_izmenit_ceni_na_vse_tovari,"цены, изменить цены, массово изменить цены"
Как добавить тег к заказу?,https://nethouse.ru/about/instructions/kak_dobavit_teg_k_zakazu,"заказ, тег, добавить тег, добавить тег к заказу, теги заказ"
Как продублировать имеющийся заказ?,https://nethouse.ru/about/instructions/kak_produblirovat_imeyushhijsya_zakaz,"заказ, дублировать, дублировать заказ, продублировать заказ"
Как добавить заметку к заказу?,https://nethouse.ru/about/instructions/kak_dobavit_zametku_k_zakazu,"заказ, заметка, добавить заметку, заметка к заказу"
"Как правильно удалить заказ, чтобы сохранить наличие товара?",https://nethouse.ru/about/instructions/kak_pravilno_udalit_zakaz,
Как выставить счет на оплату заказа?,https://nethouse.ru/about/instructions/kak_vyslat_pismo_s_ssylkoj_dlya_oplaty_online,"счет, счет на оплату, счет на оплату заказа, выставить счет, отправить счет клиенту"
Как работать с оплаченными заказами при подключенном холдировании?,https://nethouse.ru/about/instructions/kak_rabotat_s_oplachennymi_zakazami_pri_podklyuchennom_xoldirovanii,"холдирование, заказы с холдированием, как работать с оплаченными заказами, отложенная оплата"
Куда приходят сообщения из формы обратной связи?,https://nethouse.ru/about/instructions/soobshcheniya_iz_formy_obratnoy_svyazi,"сообщения из формы обратной связи, куда приходят сообщения"
Можно ли убрать e-mail и контактный телефон из формы заказа?,https://nethouse.ru/about/instructions/ubrat_email_i_kontaktnyy_telefon,"форма заказа, убрать email, убрать телефон, убрать из формы"
"Как скрыть ""выпадающую"" корзину?",https://nethouse.ru/about/instructions/kak_skryt_vypadayushhuyu_korzinu,"скрыть корзину, выпадающая корзина, всплывающее окно корзины, скрыть"
"Как выгрузить список клиентов, ожидающих поступления товаров?",https://nethouse.ru/about/instructions/kak_vygruzit_spisok_klientov_ozhidayushhix_postupleniya_tovarov,"список клиентов, выгрузить список клиентов, клиенты ожидающие поступления товара"
Как открыть личный кабинет для клиентов?,https://nethouse.ru/about/instructions/kak_otkryt_lichnyj_kabinet_dlya_klientov,"личный кабинет, личный кабинет для клиентов, открыть личный кабинет"
Как настроить персональные цены на товары для клиентов?,https://nethouse.ru/about/instructions/kak_nastroit_personalnye_ceny_na_tovary_dlya_klientov,"цены для постоянных клиентов, персональные цены, настроить, индивидуальные цены"
Как включить Избранное в личном кабинете для клиентов?,https://nethouse.ru/about/instructions/kak_vlkychit_izbrannoe_v_lichnom_kabinete_dlya_klientov,"избранное, товары в избранное, добавить товары в избранное "
Как и зачем регистрировать домен?,https://nethouse.ru/about/instructions/registerdomain,"домен, домен второго уровня, имя сайта, свое название, короткое имя сайта, зарегистрировать домен, зарегистрировать, купить, купить домен"
Как получить домен RU/РФ/SHOP/ONLINE в подарок?,https://nethouse.ru/about/instructions/kak_poluchit_domen_v_podarok,"подарок, получить домен в подарок, бесплатно, домен бесплатно, беслпатно домен ru, бесплатно домен рф, бесплатно домен online, бесплатно домен shop"
Как привязать собственный домен?,https://nethouse.ru/about/instructions/kak_privyazat_sobstvennyj_domen,"привязать свой домен, у меня есть домен, как привязать, как прикрутить, как прикрепить, хочу привязать свой домен"
Как продлить домен?,https://nethouse.ru/about/instructions/kak_prodlit_domen,"продлить, продлить домен, как продлить, сколько стоит продлить домен, цена продления домена, когда продлевать домен"
Дополнительные преимущества собственного домена,https://nethouse.ru/about/instructions/dopolnitelnye_preimushhestva_sobstvennogo_domena,"преищества своего домена, зачем мне домен, для чего покупать домен"
Срок подключения домена истек,https://nethouse.ru/about/instructions/srok_podklyucheniya_domena_istek,"ошибка, истек срок, срок подключения истек, не работает, не работает сайт, не открывается"
"Я купил домен, но сайт не работает!",https://nethouse.ru/about/instructions/ya_kupil_domen_no_sajt_ne_rabotaet,"не работает сайт, не открывается, не получается зайти"
Как подключить почту к своему домену?,https://nethouse.ru/about/instructions/podklyuchit_pochtu_k_domenu,"почта, подклюбчить почту, создать почтовые ящики"
Как корректно перевести сайт на https?,https://nethouse.ru/about/instructions/kak_korrektno_perevesti_sajt_na_na_https,"https, сертификат, безопасное соединение, соединение небезопасно, как исправить"
Как перенести сайт на Nethouse (настроить 301-й редирект)?,https://nethouse.ru/about/instructions/kak_perenesti_sajt_na_nethouse,"перенести, перенести сайт, перенаправить, перенаправить трафик, редирект , перенаправление, переадресация"
"Купил домен у вас, но он не работает",https://nethouse.ru/about/instructions/kupil_domen_u_vas_no_on_ne_rabotaet,"не работает, не работает домен"
"Привязал домен, сайт перестал открываться",https://nethouse.ru/about/instructions/domen_porabotal_neskolko_chasov,"сайт перестал открываться, домен не работает"
Ошибка при заполнении форм,https://nethouse.ru/about/instructions/oshibka_pri_zapolnenii_form,"ошибка, ошибка при заполнении формы"
Почему кириллический домен отображается набором символов?,https://nethouse.ru/about/instructions/pochemu_kirillicheskij_domen_otobrazhaetsya_naborom_simvolov,"символы, символы вместо домена, непонятное отображение домена"
"Как привязать домен, зарегистрированный в Nethouse.Домены, к сайту на Nethouse",https://nethouse.ru/about/instructions/kak_privyazat_domen_zaregistrirovannyj_v_nethouse_domeny_k_sajtu_sozdannomu_na_nethouse,"привязать свой домен, у меня есть домен, как привязать, как прикрутить, как прикрепить, хочу привязать свой домен, купил у вас домен"
"Можно ли продлить домен, купленный в Nethouse, если не подключен платный тариф?",https://nethouse.ru/about/instructions/mozhno_li_prodlit_domen_kuplennyj_v_nethouse,"продлить домен, как продлить домен, перерегистрировать"
"Привязал свой домен, но заказы приходят с домена имясайта.nethouse.ru",https://nethouse.ru/about/instructions/privyazal_svoj_domen_no_zakazy_prixodyat_s_domena,заказы приходят не с домена
Почему владельцу сайта нужно регистрировать домен на себя?,https://nethouse.ru/about/instructions/pochemu_vladelcu_sajta_nuzhno_registrirovat_domen_na_sebya,"мои данные, зачем указывать личные данные, регистрация домена на себя"
Переход на партнерский договор,https://nethouse.ru/about/instructions/perexod_na_partnerskij_dogovor,"договор, партнерский договор, перейти, сменить договор "
"Я купил домен в Nethouse, как мне подключить его к другому сайту?",https://nethouse.ru/about/instructions/ya_kupil_domen_v_nethouse,"подключить к другому сайту, перенести, перенести домен, на другой хостинг, перенос на другой сервис"
"Как узнать, где зарегистрирован ваш домен?",https://nethouse.ru/about/instructions/kak_uznat_gde_zaregistrirovan_vash_domen,"регистратор домена, как узнать кто регистратор, где зарегистрирован домен"
Как перевести домен на прямой договор с Nethouse.Домены?,https://nethouse.ru/about/instructions/kak_perevesti_domen_na_pryamoj_dogovor_s_nethouse_domeny,"договор, партнерский договор, перейти, сменить договор, прямой договор"
Что такое балл?,https://nethouse.ru/about/instructions/chto_takoe_ball,"оплата, валюта, балл"
На что я могу потратить баллы?,https://nethouse.ru/about/instructions/na_chto_potratit_bally,"баллы, на что потратить, что купить на баллы"
Как посмотреть текущий баланс?,https://nethouse.ru/about/instructions/kak_posmotret_tekushhij_balans,"баланс, где смотреть, состояние счета, где смотреть баланс, сколько у меня на счете"
Какими способами можно купить баллы?,https://nethouse.ru/about/instructions/kakimi_sposobami_mozhno_kupit_bally,"купить баллы, как купить баллы"
Как пополнить баланс сайта?,https://nethouse.ru/about/instructions/kak_popolnit_balans,"пополнить, как пополнить, пополнить баланс, "
Как пополнить баланс сайта банковской картой?,https://nethouse.ru/about/instructions/kak_popolnit_balans_bankovskoj_kartoj,"пополнить, как пополнить, пополнить баланс, банковская карта"
Как пополнить баланс сайта через ЮMoney?,https://nethouse.ru/about/instructions/kak_popolnit_balans_yandeksdengami,"пополнить, как пополнить баланс, юmoney"
Как пополнить баланс сайта через QIWI?,https://nethouse.ru/about/instructions/kak_popolnit_balans_cherez_qiwi,"пополнить, как пополнить баланс, qiwi, киви"
Как пополнить баланс сайта безналичным расчетом?,https://nethouse.ru/about/instructions/kak_popolnit_balans_beznalichnym_raschetom,"счет, безналично, по безналу, пополнить, пополнить баланс, как пополнить"
"Как пополнить баланс сайта наличными через терминалы, банкоматы и салоны связи?",https://nethouse.ru/about/instructions/kak_popolnit_balans_cherez_terminali,"пополнить баланс, терминал, банкоматы, салоны связи"
Как подключить и продлить платный тариф?,https://nethouse.ru/about/instructions/kak_oplatit_tarif_biznes,"тариф, подключить тариф, продлить тариф, купить тариф, оплатить"
Что будет с сайтом после истечения платного тарифа?,https://nethouse.ru/about/instructions/chto_budet_s_sajtom_posle_istecheniya_tarifa_biznes,"если я не продлю тариф, будет ли мой сайт работать, ошибка, не работает сайт, я оплатил но сайт не работает"
Как настроить автоматическое продление услуг Nethouse?,https://nethouse.ru/about/instructions/kak_nastroit_avtomaticheskoe_prodlenie_uslug_nethouse,"автоматическое продление, автоматически, автопродление, продлевать услуги автоматом"
Как настроить автоматическое пополнение баланса?,https://nethouse.ru/about/instructions/kak_nastroit_avtomaticheskoe_popolnenie_balansa,"автоматическое пополнение, подключить карту, пополнять автоматически, "
"Как пользоваться тарифом ""Магазин"" бесплатно?",https://nethouse.ru/about/instructions/kak_polzovatsya_tarifom_biznes_besplatno,"бесплатно, продлить тариф бесплатно, ЮКасса, акция, 0 рублей в месяц"
Как сменить тарифный план?,https://nethouse.ru/about/instructions/kak_smenit_tarifnyj_plan,"сменить тариф, перейти на другой тариф, смена, переход, с одного на другой"
Как подключить платные услуги?,https://nethouse.ru/about/instructions/kak_podklyuchit_platnye_uslugi,"платные услуги, подключить"
Как оплатить превышение лимита товаров в каталоге?,https://nethouse.ru/about/instructions/kak_oplatit_prevyshenie_limita_tovarov,"лимит товаров, не работает каталог, не отображается, не видно, превышение, оплатить превышение"
Можно ли вывести оставшиеся баллы со своего баланса?,https://nethouse.ru/about/instructions/vyvesti_ostavshiesya_bally,"возврат, возврат средств, вывод, вернуть баллы, вернуть деньги"
Как скрыть или изменить копирайт Nethouse на сайте?,https://nethouse.ru/about/instructions/kak_ubrat_logotip_nethouse,"копирайт, скрыть копирайт, изменить копирайт, логотип, убрать логотип, реклама, убрать рекламу, отключить реклам, скрыть, избавиться"
Как скрыть копирайт Nethouse в рассылках?,https://nethouse.ru/about/instructions/kak_skryt_kopirajt_nethouse_v_rassylkax,"копирайт, скрыть копирайт в рассылке, убрать nethouse из рассылки, убрать нетхаус"
"Как воспользоваться услугой ""Возвращение клиентов""?",https://nethouse.ru/about/instructions/kak_vernut_klientov_na_sait,
Как подключить SMS-уведомления о событиях на сайте?,https://nethouse.ru/about/instructions/kak_podklyuchit_sms_uvedomleniya,"sms, смс, подключить смс, сообщения о событиях"
Как отправлять SMS-уведомления клиентам?,https://nethouse.ru/about/instructions/kak_otpravlyat_sms_uvedomleniya_klientam,"sms, смс, подключить смс, сообщения клиентам, уведомления клиентам, отправлять сообщения, отсылать сообщения"
Как оплатить услуги сервиса продвижения сайтов Nethouse.Продвижение?,https://nethouse.ru/about/instructions/kak_podklyuchit_servis_pronethouse,"продвижение, реклама, оплатить"
В чем разница между SEO и контекстной рекламой?,https://nethouse.ru/about/instructions/seo_vs_context,"seo, контекстная реклама, разница"
Как получить акты выполненных работ?,https://nethouse.ru/about/instructions/kak_poluchit_akty_vypolnennyx_rabot,"документы, акт, счет-фактура, получить документы, пришлите документы, получить документы"
Как изменить шаблон и дизайн?,https://nethouse.ru/about/instructions/izmenit_shablon_i_dizajn,"есть, имеются, естьли, есть-ли, в наличи, как, установить, изменить, как, каким, шаблон, дизайн, шаблоны, дизайны, пресет, пресеты, поменять, установка"
Как изменить фон сайта?,https://nethouse.ru/about/instructions/izmenit_fon_sajta,"как, изменить, поменять, можно, как можно,настроить, настройка, фон, бэк, бэкграуд, сайт, сайта"
Будут ли утеряны данные при смене шаблона (дизайна)?,https://nethouse.ru/about/instructions/budut_li_uteryany_dannye_pri_smene_shablona,"есть, имеются, естьли, есть-ли, в наличи, как, установить, мобильный, телефон, телефонах, мобильных, платформ, адаптив, адаптивный, шаблон, дизайн, пресет, шаблоны, дизайны, сайты, сайт, смена, замена, данные, удалятся, удаление, останутся, сохранение, сохранятся"
Есть ли у вас адаптивные шаблоны?,https://nethouse.ru/about/instructions/est_li_u_vas_adaptivnyj_shablon,"есть, имеются, естьли, есть-ли, в наличи, как, установить, мобильный, телефон, телефонах, мобильных, платформ, адаптив, адаптивный, шаблон, дизайн, пресет, шаблоны, дизайны, сайты, сайт"
Как изменить шрифты на сайте?,https://nethouse.ru/about/instructions/kak_izmenit_shrifty_na_sajte,"как, изменить, поменять, можно, как можно,настроить, настройка, шрифты, шрифт, фонт, font"
Как настроить кнопки на сайте?,https://nethouse.ru/about/instructions/kak_nastroit_knopki_na_sajte,"как, изменить, поменять, можно, как можно,настроить, настройка, кнопки, кнопок, сайт, на сайте, кнопки на сайте"
Как настроить цвет заголовков страниц на сайте?,https://nethouse.ru/about/instructions/kak_nastroit_cvet_zagolovkov_stranic_na_saite,"как, изменить, поменять, можно, как можно, как изменить, цвет, заголовки, заголовок, цвета, страницы, страниц, страница, сайт, на сайте, на сайтах"
Как изменить дизайн меню и подвала?,https://nethouse.ru/about/instructions/kak_izmenit_dizayn_menu_i_podvala,"как, изменить, поменять, можно, как можно, как изменить, дизайн, меню, подвал, футер, footer"
Как подключить онлайн прием платежей?,https://nethouse.ru/about/instructions/kak_podklyuchit_onlajn_priem_platezhej,"кто, может, можем, как, подключить, подключение, онлайн, платежи, онлайн платежи, приём, прием"
Как подключить прием онлайн-переводов для физических лиц?,https://nethouse.ru/about/instructions/kak_podklyuchit_onlajn_priem_platezhej_dlya_fizicheskih_lic_cherez_yandeks_dengi,"может, можем, как, подключить, подключение, онлайн, платежи, онлайн платежи, приём, прием, физ, физических, физический, лицо, лица"
Кто может подключить онлайн прием платежей?,https://nethouse.ru/about/instructions/kto_mozhet_podklyuchit_onlajn_priem_platezhej,"кто, может, можем, как, подключить, подключение, онлайн, платежи, онлайн платежи, приём, прием"
Кому можно задать вопрос по подключению или приему платежей?,https://nethouse.ru/about/instructions/komu_mozhno_zadat_vopros_po_podklyucheniyu,"вопрос, помощь, задать, подключение, приём платежей, кому, как"
"Надо ли снова подключать прием онлайн платежей, если просрочить оплату платного тарифа?",https://nethouse.ru/about/instructions/nado_li_snova_podklyuchat_priem_onlajn_platezhej,"снова, подключать, подключить, опять, заново, онлайн платежи, приём, просрочка, просрочили, просрочил, оплата, платный тариф"
Как подключить отложенную оплату?,https://nethouse.ru/about/instructions/kak_podklyuchit_otlozhennuyu_oplatu,"подключить, установить, способ, оплата, оплаты, платежи, отложенная, отложенные, оплаты, оплату"
"Как подключить способ оплаты ""Система Быстрых Платежей""?",https://nethouse.ru/about/instructions/kak_podklyuchit_sistemu_bistrih_platejey,"подключить, установить, способ, оплата, оплаты, платежи, система, систему, быстрые, быстрый, систему быстрых плажетей"
Как принимать оплату через мобильный терминал?,https://nethouse.ru/about/instructions/kak_prinimat_oplatu_bankovskoj_kartoj_kureru,"принимать, настроить, установить, мобильный, оплата, терминал, терминалы, мобильные, через, из"
Как настроить передачу данных из ЮKassa в онлайн-кассу?,https://nethouse.ru/about/instructions/nastrojka_peredachi_dannyx_iz_yandeks_kassy_v_onlajn_kassu,"настроить, настройка, отправить, отправка, данные, данных, юкасса, YKassa, Я.Касса, ЮKassa, передача, передачу, онлайн-касса, касса, онлайн"
Как настроить отправку фискальных данных в ЮKassa?,https://nethouse.ru/about/instructions/kak_nastroit_otpravku_fiskalnyx_dannyx_v_yandeks_kassu,"настроить, настройка, отправить, отправка, фиксальные, фиксальный, данные, данных, юкасса, YKassa, Я.Касса, ЮKassa"
Как автоматизировать выставление счетов клиентам?,https://nethouse.ru/about/instructions/kak_avtomatizirovat_vystavlenie_schetov_klientam,"как, автоматизация, автоматизировать, счёт, счет, счета, счет выставить, выставить счет, выставить счёт, автоматизирование, выставление, клиент, клиентов, клиентам"
Как подключить онлайн-чат Jivo?,https://nethouse.ru/about/instructions/kak_podklyuchit_onlajn_konsultant_jivosite,"подключить, установить, чат, онлайн, чат-онлайн, онлайн-чат, живо, jivo"
Как подключить обратный звонок от Jivo?,https://nethouse.ru/about/instructions/kak_podklyuchit_obratnyj_zvonok_ot_jivosite,"подключить, установить, звонок, обратный, звонить, обратный звонок, jivo, живо"
Как подключить Рекламную подписку от Яндекс.Бизнеса,https://nethouse.ru/about/instructions/kak_podkluchit_reklamnyu_podpisku_ot_yandex_biznes,"продлить, купить, установить, онлайн, подписка, подписку, реклама, рекламную, яндекс, yandex, Я.Бизнес, бизнес"
Как подключить онлайн-консультант Webim?,https://nethouse.ru/about/instructions/kak_podklyuchit_onlajn_konsultant_webim,"продлить, купить, установить, онлайн, консультант, онлайн-консультант, webim, вебим"
"Как продлить услугу ""онлайн-консультант Webim""?",https://nethouse.ru/about/instructions/kak_prodlit_uslugu_onlajn_konsultant_webim,"продлить, купить, установить, услугу, услуга, онлайн, консультант, онлайн-консультант, webim, вебим"
Установка сервиса YCLIENTS,https://nethouse.ru/about/instructions/ustanovka_servisa_onlajn_zapisi_yclients,"установить, серис, сервисы, установить сервис, модуль, плагин, приложение, YCLIENTS, уклиентс"
Как подключить Telegram-уведомления о событиях на сайте?,https://nethouse.ru/about/instructions/kak_podklyuchit_telegram_uvedomleniya_o_sobytiyah_na_sajte,"подключить, установить, уведомление, заявка, уведомить, событие, события, сайт, телеграм, телеграмм, тг, telegram, телеграм уведомления"
Как подключить WhatsApp для общения с клиентами сайта?,https://nethouse.ru/about/instructions/kak_podklyuchit_whatsapp_dlya_obshheniya_s_klientami_sajta,"установить, серис, сервисы, установить сервис, модуль, плагин, приложение, ватсап, клиенты, для, общение, коннект, клиент, Whatsapp, whats app, ватс апп"
Как настроить интеграцию с сервисом Calltouch?,https://nethouse.ru/about/instructions/kak_ustanovit_prilozhenie_calltouch,"установить, серис, сервисы, установить сервис, модуль, плагин, приложение, calltouch, коллточ"
Как настроить интеграцию с сервисом Юздеск?,https://nethouse.ru/about/instructions/kak_nastroit_integraciy_s_servisom_yzdesk,"установить, серис, сервисы, установить сервис, модуль, плагин, приложение, юздеск, Юздеск"
Как настроить интеграцию с сервисом Callibri?,https://nethouse.ru/about/instructions/kak_nastroit_integraciy_s_servisom_callibri,"установить, серис, сервисы, установить сервис, модуль, плагин, приложение, калибри, calibri"
Как подключить коллтрекинг от CoMagic?,https://nethouse.ru/about/instructions/kak_podklyuchit_kolltreking_ot_comagic,"установить, серис, сервисы, установить сервис, модуль, плагин, приложение, коллтрекинг, comagic, CoMagic, комагик"
Как подключить сервис Albato?,https://nethouse.ru/about/instructions/kak_podkluchit_servis_albato,"установить, серис, сервисы, установить сервис, модуль, плагин, приложение, альбато, albato"
Синхронизация с МоимСкладом: если есть сайт в Nethouse и нет аккаунта в МоемСкладе,https://nethouse.ru/about/instructions/kak_sinxronizirovat_nethouse_i_mojsklad,"подключить, запустить, установить, синхронизация, синхронизацию, синхронизировать, мой склад, моим складом, Мой Склад, нет аккаунта, есть сайт"
Синхронизация с МоимСкладом: если есть аккаунт в МоемСкладе и нет сайта в Nethouse,https://nethouse.ru/about/instructions/sinhronizacia_esli_net_saita_v_nethouse,"подключить, запустить, установить, синхронизация, синхронизацию, синхронизировать, мой склад, моим складом, Мой Склад,есть аккаунт, нет сайта"
Синхронизация с МоимСкладом: если есть аккаунт в обоих сервисах,https://nethouse.ru/about/instructions/sinhronizacia_esli_akkaunt_v_oboix_servisah,"подключить, запустить, установить, синхронизация, синхронизацию, синхронизировать, мой склад, моим складом, Мой Склад, есть аккаунт, есть аккаунт, в обоих сервисах"
Как экспортировать заказы из Nethouse в 1С?,https://nethouse.ru/about/instructions/kak_sinxronizirovat_nethouse_s_1c,"экспорт, 1С, 1C, один с, заказы, заказ, отправить"
Синхронизация с Большой Птицей: если есть сайт в Nethouse и нет аккаунта в Большой Птице,https://nethouse.ru/about/instructions/sinxronizaciya_s_bolshoj_pticej1,"подключить, запустить, установить, синхронизация, синхронизацию, синхронизировать, большая птица, нет аккаута, есть сайт"
Синхронизация с Большой Птицей: если есть аккаунт в Большой Птице и нет сайта в Nethouse,https://nethouse.ru/about/instructions/sinxronizaciya_s_bolshoj_pticej2,"подключить, запустить, установить, синхронизация, синхронизацию, синхронизировать, большая птица, есть аккаунт, нет сайта, нет сайтов"
Синхронизация с Большой Птицей: если есть аккаунты в обоих сервисах,https://nethouse.ru/about/instructions/sinxronizaciya_s_bolshoj_pticej3,"подключить, запустить, установить, синхронизация, синхронизацию, синхронизировать, большая птица, есть аккаунт, обоих сервисах"
Как подключить телефонию от UIS?,https://nethouse.ru/about/instructions/kak_podklyuchit_telefoniyu_ot_uis,"подключить, телефонию, телефония, UIS, ЮИС, юис"
Как добавить на сайт тег ремаркетинга Google AdWords?,https://nethouse.ru/about/instructions/kak_dobavit_teg_remarketinga_google_adwords_na_sajt,"добавить, установить, тег, таг, tag, google, гугл, adwords, адвордз"
Как добавить на сайт код пиксель ВКонтакте?,https://nethouse.ru/about/instructions/kak_dobavit_na_sajt_kod_retargetinga_ot_vkontakte,"установить, поставить, запустить, код, пиксель, pixel, vk, вконтакте"
Как запустить рекламу в Яндекс.Директ?,https://nethouse.ru/about/instructions/kak_zapustit_reklamu_v_yandeks_direkt,"реклама, рекламу, запустить, установить, яндекс, яндекс директ, Я.директ"
Как подключить интернет-бухгалтерию?,https://nethouse.ru/about/instructions/kak_podklyuchit_internet_buxgalteriyu,"установить, подключить, установка, бухгалтерия, бухгалтер, бухгалтерский учёт, интернет-бухгалтерия, бухгалтерию"
Как установить Google Tag Manager (GTM)?,https://nethouse.ru/about/instructions/google_tag_manager,"установить, серис, сервисы, установить сервис, модуль, плагин, приложение, гугл, google, google tag manager, gtm, гтм"
Установка счетчика Рейтинга Mail.Ru,https://nethouse.ru/about/instructions/ustanovka_schetchika_rejtinga_mail_ru,"установить, серис, сервисы, установить сервис, модуль, плагин, приложение, майл ру, майл.ру, mail.ru, mail ru, счётчик, счетчик"
Установка счетчика Рамблер ТОП100,https://nethouse.ru/about/instructions/ustanovka_schetchika_rambler_top100,"установить, серис, сервисы, установить сервис, модуль, плагин, счётчик, счётчики, счетчик, счетчики, рамблер, rambler"
Как установить систему аналитики Roistat?,https://nethouse.ru/about/instructions/kak_ustanovit_sistemu_analitiki_roistat,"установить, серис, система, систему, аналитика, аналитику, roistat, роистат"
Установка кода отслеживания конверсий Google Adwords,https://nethouse.ru/about/instructions/kod_otslezhivaniya_konversij_google_adwords,"установить, код, скрипт, конверсия, конверсии, гугл, google, google Adwords"
Создание приложения VK,https://nethouse.ru/about/instructions/sozdanie_prilozheniya_vk,"установить, создать, серис, сервисы, установить сервис, модуль, плагин, приложение, вк,VK, vk, вконтакте"
"Как установить приложение ""Ловец лидов ВКонтакте""?",https://nethouse.ru/about/instructions/ustanovka_prilozheniya_lovec_lidov_vk,"установить, серис, сервисы, установить сервис, модуль, плагин, приложение, ловец, ловец лидов, ловец лидов VK, vk, вк, вконтакте"
Установка пикселя Facebook,https://nethouse.ru/about/instructions/ustanovka_pikselya_facebook,"установить, серис, сервисы, установить сервис, модуль, плагин, приложение, пиксель, pixel, facebook, фейсбук, пиксель facebook"
Установка сервиса LiveTex,https://nethouse.ru/about/instructions/ustanovka_onlajn_konsultanta_livetex,"установить, серис, сервисы, установить сервис, модуль, плагин, приложение, LiveTex, лайвтекс"
Установка сервиса Get In Line,https://nethouse.ru/about/instructions/ustanovka_get_in_line,"установить, серис, сервисы, установить сервис, модуль, плагин, приложение, Get In Line, гет ин лайн"
Установка сервиса Push.world,https://nethouse.ru/about/instructions/ustanovka_push_world,"установить, серис, сервисы, установить сервис, модуль, плагин, приложение, push.world, Push.World, пуш ворлд, пуш.ворлд"
Установка сервиса Push4site,https://nethouse.ru/about/instructions/kak_vernut_klientov_na_sait,"установить, серис, сервисы, установить сервис, модуль, плагин, приложение, push4site, Pushforsite, пушфосайт, пуш4сайт"
Установка сервиса Testograf.ru,https://nethouse.ru/about/instructions/ustanovka_testograf_ru,"установить, серис, сервисы, установить сервис, модуль, плагин, приложение"
Установка виджета «Сообщения сообщества» от ВКонтакте,https://nethouse.ru/about/instructions/ustanovka_vk_community_messages,"установить, серис, сервисы, установить сервис, модуль, плагин, виджет, скрипт, сообщения, вк, вконтакте, Сообщения сообщества от ВКонтакте"
Установка сервиса CallbackKILLER (Envybox),https://nethouse.ru/about/instructions/ustanovka_callbackkiller,"установить, серис, сервисы, установить сервис, модуль, плагин, приложение, CallbackKILLER (Envybox), коллбек киллер"
Установка сервиса Cloudim,https://nethouse.ru/about/instructions/ustanovka_onlajn_konsultanta_cloudim,"установить, серис, сервисы, установить сервис, модуль, плагин, приложение, cloudim, Cloudim, клоудим, клоу дим"
Установка сервиса LeadBack,https://nethouse.ru/about/instructions/ustanovka_servisa_obratnogo_zvonka_leadback,"установить, серис, сервисы, установить сервис, модуль, плагин, приложение, leadback, Leadback, лидбэк, лидбек"
Установка сервиса Carrot Quest,https://nethouse.ru/about/instructions/ustanovka_carrotquest_io,"установить, серис, сервисы, установить сервис, модуль, плагин, приложение, carrot quest, Carrot Quest, каррот квест"
Установка сервиса Perezvoni.com,https://nethouse.ru/about/instructions/ustanovka_servisa_perezvoni,"установить, серис, сервисы, установить сервис, модуль, плагин, приложение, perezvoni.com, perezvoni, перезвони, перезвон, Perezvoni"
Установка сервиса Talk-Me,https://nethouse.ru/about/instructions/ustanovka_onlajn_konsultanta_talkme,"установить, серис, сервисы, установить сервис, модуль, плагин, приложение, talk-me, Talk-Me, толкми, толк-ми, талк-ми"
Установка сервиса RedHelper,https://nethouse.ru/about/instructions/ustanovka_onlajn_konsultanta_redhelper,"установить, серис, сервисы, установить сервис, модуль, плагин, приложение, redhelper, RedHelper, редхелпер, рэдхелпер, ред хелпер"
Установка сервиса RedConnect,https://nethouse.ru/about/instructions/ustanovka_vidzheta_redconnect,"установить, серис, сервисы, установить сервис, модуль, плагин, приложение, redconnect, RedConnect, редконнект, рэдконнект, ред коннект"
Установка сервиса YamiChat,https://nethouse.ru/about/instructions/ustanovka_yamichat,"установить, серис, сервисы, установить сервис, модуль, плагин, приложение, yamichat, yamiChat, ямичат, ями чат, yami chat"
Установка сервиса GIFTD,https://nethouse.ru/about/instructions/ustanovka_giftd,"установить, серис, сервисы, установить сервис, модуль, плагин, приложение, giftd, GIFTD, гифтд, гиф тд"
Установка чата на сайте от Тинькофф,https://nethouse.ru/about/instructions/ustanovka_chat_tinkoff,"установить, чат, чаты, установить чат, тинькофф, от тинькофф, тинь кофф"
Как установить Яндекс.Диалоги?,https://nethouse.ru/about/instructions/kak_ustanovit_yandex_dialog,"диалги, dialog, yandex.dialog, ya.dialog, Я.Диалоги, Я.Диалог, установить"
Как добавить watermark к изображениям на сайте?,https://nethouse.ru/about/instructions/kak_dobavit_watermark_k_izobrazheniyam_na_sajte,"вотемарка, защита, копирования, копирование, украли, украл, от копирования, скачали, скачал, скачать, нельзя, watermark, вотермарка, ярлык, иконка"
Как добавить нового клиента?,https://nethouse.ru/about/instructions/kak_sozdat_klienta,"клиент, новый, клиента, клиентов, добавить, пригласить"
"Как посмотреть все заказы, сделанные клиентом?",https://nethouse.ru/about/instructions/kak_posmotret_vse_zakazy_sdelannye_klientom,"заказы, все заказы, посмотреть, узнать, клиентом, клиентами, клиента, увидеть"
Почему общая сумма не совпадает с фактической суммой по заказам?,https://nethouse.ru/about/instructions/pochemu_obshhaya_summa_ne_sovpadaet_s_fakticheskoj,"общая сумма, сумма, общая. не совпадает, совпадение, фактическая, фактической, заказы, заказов, заказам, почему"
Как добавить тег клиенту?,https://nethouse.ru/about/instructions/kak_dobavit_teg_klientu,"клиент, клиенты, тег, тэг, таг, tag, tags, раздел, разделе, добавить"
Как удалить тег в разделе клиенты?,https://nethouse.ru/about/instructions/kak_udalit_teg_v_razdele_klienty,"клиент, клиенты, тег, тэг, таг, tag, tags, раздел, разделе, удалить"
Как настроить разделение прав доступа к сайту?,https://nethouse.ru/about/instructions/kak_nastroit_razdelenie_prav_dostupa_k_sajtu,"разделение, настроить, права, прав, настроить разделение, как, можно, доступ, для сайта, редактирование"
Как установить favicon (иконку сайта)?,https://nethouse.ru/about/instructions/kak_ustanovit_favicon,"фавикон, иконка, favicon, установить, поставить, заменить, изменить, иконку"
Почему в поисковых системах не отображается favicon?,https://nethouse.ru/about/instructions/ne_otobrazhaetsya_favicon,"фавикон, иконка, favicon, не отображается, исчез, скрыт, другой, не видно, поисковике, поисковой системе"
Что такое права на сайт?,https://nethouse.ru/about/instructions/prava_na_sajt,"что, права, права на сайт, как, как подтвердить"
Как подтвердить права на сайт?,https://nethouse.ru/about/instructions/kak_podtverdit_prava_na_sajt,"подтвердить, права, права на сайт"
Как добавить сайтмап (sitemap)?,https://nethouse.ru/about/instructions/nuzhno_li_dobavlyat_sitemap,"сайтмап, сайтмапы, sitemap, sitemaps, сайт мап, добавить сайтмап, добавить"
На каких ресурсах возможно подтвердить права на сайт?,https://nethouse.ru/about/instructions/na_kakix_resursax_vozmozhno_podtverdit_prava_na_sajt,"подтвердить, права, права на сайт, ресурс, ресурсы, сайты, сервис, сервисы, каких, какие"
Как добавить на сайт уведомление об использовании файлов Cookies?,https://nethouse.ru/about/instructions/kak_dobavit_na_sajt_uvedomlenie_ob_ispolzovanii_fajlov_cookies,"куки, кукис, cookies, cookie, уведомление, уведомление о куки, использовании, попап, предупреждение, соглашение"
Как выбрать картинку для отображения в соцсетях главной страницы сайта?,https://nethouse.ru/about/instructions/kak_vybrat_kartinku_dlya_otobrazheniya_v_socsetyah_glavnoj_stranicy_sajta,"картинка, иконка, соц.сети, соц сетях, социальных сетях, социальной сети, соц.сети, главная страница, главная, главной, изображение, выбрать, выбор, установить, установка, как установить"
Как подтвердить права на сайт в Telderi?,https://nethouse.ru/about/instructions/kak_podtverdit_prava_na_sajt_v_telderi,"телдери, тэлдери, телдэри, права, подтвердить права, подтвердить"
Как подтвердить права на сайт в Pinterest?,https://nethouse.ru/about/instructions/kak_podtverdit_prava_na_sajt_v_pinterest,"пинтрест, пинтерест, pintrest, права, подтвердить права, подтвердить"
Как правильно заполнить SEO-настройки сайта?,https://nethouse.ru/about/instructions/zapolnit_seo_nastrojki,"сео, seo, настройки seo, настройки сео, информация, заполнить, правильно, популярный, сделать сайт популярным, месте, поисковик, поисковая система, системе"
Что такое Robots.txt?,https://nethouse.ru/about/instructions/chto_takoe_robots_txt,"robots, robotstxt, robots txt, robots.txt, файл роботов, роботс, файл роботс, роботс заполнить"
Как восстановить пароль к аккаунту/сайту?,https://nethouse.ru/about/instructions/vosstanovit_parol_k_sajtu,"восстановить, забыл, потерял, пароль, сменить пароль, забыл пароль, потерял, потеряли, забыли, установить, новый, обновить"
Как сменить пароль к сайту?,https://nethouse.ru/about/instructions/smenit_parol_k_sajtu,"пароль, изменить пароль, сменить пароль, забыл пароль, не могу зайти, авторизация, восстановить"
"Как сменить ФИО, логин, контактный e-mail к сайту?",https://nethouse.ru/about/instructions/kak_smenit_fio,"поменят, изменить, сменить логин, изменить логин, поменять логин, имя, фамилия, фамилию, почту, почта, изменить почту, уведомления, аккаунта, аккаунт, сайт, сайта, данные сайта, данные, контакты"
Как отписаться от рассылки Nethouse?,https://nethouse.ru/about/instructions/otpisatsya_ot_rassylki,"отписаться, убрать, скрыть, рассылка, спам, реклама, новости, не нужны, отключить, отпишите"
Как сменить язык сайта?,https://nethouse.ru/about/instructions/kak_smenit_yazyk_sajta,"язык, изменить язык, поменять язык, установить язык, язык сайта, сменить язык сайта, английски, украинский, немецкий, русский"
Как правильно сделать рассылку?,https://nethouse.ru/about/instructions/kak_pravilno_sdelat_rassylku,"рассылка, рассылку, настроить, отправить, письма, уведомления, оповещения, оповещение, уведомление"
Как отправлять рассылки через Unisender?,https://nethouse.ru/about/instructions/kak_otpravlyat_rassylki_cherez_unisender,"unisender, рассылка, настроить, отправить, как отправить, рассылки, юнисендер"
Как отправить рассылку в определенное время?,https://nethouse.ru/about/instructions/otpravit_rassylku_v_opredelennoe_vremya,"рассылка, время, определённое, нужное, отправить, отправление, настроить отправку, отправка"
E-mail отправителя не активирован,https://nethouse.ru/about/instructions/email_otpravitelya_ne_aktivirovan,"e-mail, не активирован, неактивный, не активный, почта, отправитель, отправителя"
Как опубликовать / изменить название формы подписки на рассылку?,https://nethouse.ru/about/instructions/opublikovat_formu_podpiski,"опубликовать, рассылка, форма, формы, подписка, рассылку, публикация, как опубликовать"
"Почему подписчик ""Не активирован""?",https://nethouse.ru/about/instructions/podpischik_otmechen_krasnym_krugom,"подписчик, подписка, неактивирован, не активирован, не активный"
"Как сделать так, чтобы клиенту приходило письмо с предложением о подписке?",https://nethouse.ru/about/instructions/pismo_s_predlozheniem_o_podpiske,"подписка, уведомление, письмо, клиент, приходило, отправилось, получал"